Jugador,Rating,RD
J13,1822.085845,166.4301388
J14,1822.085845,166.4301388
J20,1822.085845,166.4301388
J10,1716.348826,166.4301636
J15,1716.348826,166.4301636
J12,1683.651185,166.4301537
J19,1683.651185,166.4301537
J18,1622.085848,166.4301427
J9,1577.914156,166.4301378
J11,1577.914156,166.4301378
J16,1577.914156,166.4301378
J5,1552.868525,166.430138
J7,1516.348832,166.4301709
J17,1483.651168,166.4301709
J6,1447.131475,166.430138
J8,1377.914152,166.4301427
